<?xml version="1.0" encoding="UTF-8" ?>
<templates>
    <t t-name="project_custom_dashboard.ProjectDashboard">
        <div>
            <div>
                <center>
                    <h1 style="margin:20px;">Project Dashboard</h1>
                </center>
            </div>
            <div class="row main-section" style="margin-left: 120px;">
                <!-- Total Project -->
                <div id="div_total_project" class="col-md-4 col-sm-6 tot_tasks oh-payslip"
                     style=" overflow: hidden; padding-top: 30px;">
                    <div class="oh-card" style="box-shadow:2px 4px 8px 2px rgba(0,0,0.3,0.2);
                   display: flex; justify-content: center;" role="button">
                        <div class="oh-card-body"
                             style="padding: 5px 5px; float: left; width: 100%;
                             height: auto; box-sizing: border-box; margin: 0;">
                            <div class="stat-widget-one">
                                <div class="stat-icon bg-mauve-light d-flex justify-content-left align-items-left">
                                    <div style="background:#ff4d94; width:65px; text-align: center;">
                                        <i class="fa fa-tasks text-mauve"
                                           style="font-size:50px;"/>
                                    </div>
                                    <div class="stat_content" style="
                                     text-align: center; font-weight: bold;
                                     padding-top: 20px; padding-left: 80px;">
                                        <div class="stat_count_project"
                                             style="font-size: 17px;">
                                            <span id="templates">
                                                <div id="total_project"/>
                                            </span>
                                        </div>
                                        <div class="stat-head"
                                             style="font-size: 14px;">Total Project
                                        </div>
                                    </div>
                                </div>
                            </div>
                        </div>
                    </div>
                </div>
            </div>
        </div>
    </t>
</templates>
