<?xml version="1.0" encoding="UTF-8" ?>
<templates>
    <t t-name="cts_theme_perfume.NewArrival">
        <div class="row">
            <div class="tile" id="tile-1">
                <div class="tab-content gap">
                    <div class="tab-pane fade show active" id="home"
                         role="tabpanel" aria-labelledby="home-tab">
                        <div class="container">
                            <div class="row">
                                <div class="col-xl-12">
                                    <div class="section-tittle mb-70">
                                        <h2>New Arrivals</h2>
                                    </div>
                                </div>
                            </div>
                            <div class="row">
                                <t t-foreach="products" t-as="product" t-key="product_index">
                                    <div class="new_arrivals  col-xl-4 col-lg-4 col-md-6 col-sm-6">
                                        <div class="single-new-pro mb-30 text-center">
                                            <a t-attf-href="/shop/product/#{product.id}">
                                                <div class="product-img">
                                                    <img t-attf-src="/web/image?model=product.template&amp;field=image_1920&amp;id=#{product.id}"
                                                         class="img img-fluid"/>
                                                </div>
                                                <div class="popular-caption">
                                                    <h3>
                                                        <div t-if="product"
                                                             t-esc="product.display_name"/>
                                                    </h3>
                                                    <span>
                                                        <span t-if="product"
                                                              t-esc="product.list_price"
                                                        />
                                                    </span>
                                                </div>
                                            </a>
                                        </div>
                                    </div>
                                </t>
                            </div>
                        </div>
                    </div>
                </div>
            </div>
        </div>
    </t>
</templates>