<?xml version="1.0" encoding="UTF-8"?>
<odoo>
    <record id="purchase_dashboard_assets" model="ir.asset">
        <field name="name">Purchase Dashboard Assets</field>
        <field name="bundle">web.assets_backend</field>
        <field name="active" eval="True"/>
        <field name="sequence" eval="10"/>
        <field name="target">backend</field>
        <field name="content">
            <script type="text/javascript" src="/your_module_name/static/src/js/purchase_dashboard.js"/>
        </field>
    </record>
</odoo>
</template>
