<odoo>
	<record id="seq_timetable" model="ir.sequence">
		<field name="name">school timetable</field>
		<field name="code">school.timetable</field>  
		<field name="prefix">TBL</field>
		<field name="padding">4</field>
		<field name="number_next">1</field>
		<field name="number_increment">1</field>
	</record>

<!-- 	<record id="seq_timetable" model="ir.sequence">
		<field name="name">school student</field>
		<field name="code">res.student</field>  
		<field name="prefix">STU</field>
		<field name="padding">4</field>
		<field name="number_next">1</field>
		<field name="number_increment">1</field>
	</record>
 -->
</odoo>
